category,name,unit,qty,cost_price,producer,item_type,min_ebc,max_ebc,link
malt,Extra Pale Premium Pilsnermalt,kg,0,18.1336,Weyermann,Basemalt,2,3.5,https://mr-malt.se/malt/weyermann/basmalt/premium-pilsnermalt/
malt,Pilsnermalt,kg,0,15.4836,Weyermann,Basemalt,2.5,4.5,https://mr-malt.se/malt/weyermann/basmalt/pilsnermalt/
malt,Enzymatisk Kornmalt,kg,0,17.7552,Weyermann,Basemalt,2.5,4,https://mr-malt.se/malt/weyermann/basmalt/enzymatisk-kornmalt/
malt,Eraclea pilsnermalt,kg,0,18.5124,Weyermann,Basemalt,2.5,4.5,https://mr-malt.se/malt/weyermann/basmalt/eraclea-pilsnermalt/
malt,Barke Pilsnermalt,kg,0,17.3764,Weyermann,Basemalt,2.5,4.5,https://mr-malt.se/malt/weyermann/basmalt/barke/Barke-pilsnermalt/
malt,Ekologisk Pilsnermalt,kg,0,26.0836,Weyermann,Basemalt,2.8,4,https://mr-malt.se/malt/weyermann/weyermann-ekologisk-malt/ekologisk-pilsnermalt/
malt,Extra Pale Maris Otter Malt,kg,0,18.8908,Crisp,Basemalt,3,4,https://mr-malt.se/malt/crisp/basmalt/extra-pale-maris-otter-malt/
malt,Extra Pale Malt,kg,0,27.44,Crisp,Basemalt,3,4,https://mr-malt.se/malt/crisp/basmalt/extra-pale-malt/
malt,Pilsnermalt,kg,0,13.2124,Viking,Basemalt,3,4.5,https://mr-malt.se/en/malt/viking/
malt,Golvmältad Böhmisk Pilsnermalt,kg,0,18.8908,Weyermann,Basemalt,3,5,https://mr-malt.se/malt/weyermann/basmalt/golvmaltad-bohmisk-malt/golvmaltad-bohmisk-pilsnermalt/
malt,Vetemalt,kg,0,15.8624,Weyermann,Wheat,3,5,https://mr-malt.se/malt/weyermann/basmalt/vetemalt/
malt,Ekologisk Vetemalt,kg,0,26.4624,Weyermann,Basemalt,3,5,https://mr-malt.se/malt/weyermann/weyermann-ekologisk-malt/ekologisk-vetemalt/
malt,Golvmältad Böhmisk Vetemalt,kg,0,20.7836,Weyermann,Wheat,3,5.5,https://mr-malt.se/malt/weyermann/basmalt/golvmaltad-bohmisk-malt/golvmaltad-bohmisk-vetemalt/
malt,Ekologisk Balder pale ale malt,kg,0,36.91,Warbro,Basemalt,4,6,https://mr-malt.se/malt/warbro/balder-pale-ale-malt/
malt,Ekrökt Vetemalt,kg,0,38.81,Weyermann,Wheat,4,6,https://mr-malt.se/malt/weyermann/rokt-malt/ekrokt-vetemalt/
malt,Pale ale malt,kg,0,13.9692,Viking,Basemalt,4,6,https://mr-malt.se/en/malt/viking/
malt,Bokrökt Kornmalt,kg,0,35.97,Weyermann,Basemalt,4,8,https://mr-malt.se/malt/weyermann/rokt-malt/bokrokt-kornmalt/
malt,No 19 Floor Malted Maris Otter Malt,kg,0,0,Crisp,Basemalt,4.4,7.2,https://mr-malt.se/malt/crisp/basmalt/no-19-floor-malted-maris-otter/
malt,Golden Promise Pale Ale Malt,kg,0,34.07,Thomas Fawcett,Basemalt,4.5,5.5,https://mr-malt.se/malt/thomas-fawcett/
malt,Chevallier Heritage Malt,kg,0,36.91,Crisp,Basemalt,5,7.3,https://mr-malt.se/malt/crisp/basmalt/chevallier-heritage-malt/
malt,Pale Ale Malt,kg,0,16.2408,Weyermann,Basemalt,5.5,7.5,https://mr-malt.se/malt/weyermann/basmalt/pale-ale-malt/
malt,Ekologisk Pale Ale Malt,kg,0,26.4624,Weyermann,Basemalt,5.5,7.5,https://mr-malt.se/malt/weyermann/weyermann-ekologisk-malt/ekologisk-pale-ale-malt/
malt,Maris Otter Ale Malt,kg,0,23.66,Crisp,Basemalt,5.5,7.5,https://mr-malt.se/malt/crisp/basmalt/maris-otter-ale-malt/
malt,Best Ale Malt,kg,0,33.13,Crisp,Basemalt,5.5,7.5,https://mr-malt.se/malt/crisp/basmalt/best-ale-malt/
malt,Wienermalt,kg,0,16.2408,Weyermann,Basemalt,6,9,https://mr-malt.se/malt/weyermann/basmalt/wienermalt/
malt,Ekologisk Wienermalt,kg,0,26.0836,Weyermann,Basemalt,6,9,https://mr-malt.se/malt/weyermann/weyermann-ekologisk-malt/ekologisk-wienermalt/
malt,Barke Wienermalt,kg,0,17.7552,Weyermann,Basemalt,6,9,https://mr-malt.se/malt/weyermann/basmalt/barke/Barke-wienermalt/
malt,Isaria 1924®,kg,0,32.18,Weyermann,Basemalt,7,9,https://mr-malt.se/malt/weyermann/basmalt/isaria-1924/
malt,Belgisk Alemalt,kg,0,0,Dingemans,Basemalt,8,10,https://mr-malt.se/malt/dingemans/belgisk-alemalt/
malt,Munich Malt typ 1,kg,0,23.66,Weyermann,Basemalt,12,18,https://mr-malt.se/malt/weyermann/basmalt/munich-malt/munich-malt-typ-1/
malt,Mörk Vetemalt,kg,0,0,Weyermann,Basemalt,15,20,https://mr-malt.se/malt/weyermann/basmalt/mork-vetemalt/
malt,Barke Münchnermalt,kg,0,0,Weyermann,Basemalt,17,22,https://mr-malt.se/malt/weyermann/basmalt/barke/Barke-munchnermalt/
malt,Ekologisk Münchnermalt,kg,0,39.75,Weyermann,Basemalt,18,24,https://mr-malt.se/malt/weyermann/weyermann-ekologisk-malt/ekologisk-munchnermalt/
malt,Munich Malt typ 2,kg,0,23.66,Weyermann,Basemalt,20,25,https://mr-malt.se/malt/weyermann/basmalt/munich-malt/munich-malt-typ-2/
malt,Dextrin Malt,kg,0,0,Crisp,Caramel,2.5,3.5,https://mr-malt.se/malt/crisp/karamellmalt/dextrin-malt/
malt,Carapils®,kg,0,26.50,Weyermann,Caramel,2.5,6.5,https://mr-malt.se/malt/weyermann/karamellmalt/carapils/
malt,Ekologisk Carapils®,kg,0,0,Weyermann,Caramel,2.5,6.5,https://mr-malt.se/malt/weyermann/weyermann-ekologisk-malt/ekologisk-carapils/
malt,Cara Gold Malt,kg,0,33.13,Crisp,Caramel,13,17,https://mr-malt.se/malt/crisp/karamellmalt/cara-gold-malt/
malt,Carahell®,kg,0,30.28,Weyermann,Caramel,20,30,https://mr-malt.se/malt/weyermann/karamellmalt/carahell/
malt,Ekologisk Carahell®,kg,0,0,Weyermann,Caramel,20,30,https://mr-malt.se/malt/weyermann/weyermann-ekologisk-malt/ekologisk-carahell/
malt,Cara Malt,kg,0,33.13,Crisp,Caramel,25,35,https://mr-malt.se/malt/crisp/karamellmalt/cara-malt/
malt,Carabelge®,kg,0,35.97,Weyermann,Caramel,30,35,https://mr-malt.se/malt/weyermann/karamellmalt/carabelge/
malt,Carared®,kg,0,32.18,Weyermann,Caramel,40,60,https://mr-malt.se/malt/weyermann/karamellmalt/carared/
malt,Ekologisk Carared®,kg,0,0,Weyermann,Caramel,40,60,https://mr-malt.se/malt/weyermann/weyermann-ekologisk-malt/ekologisk-carared/
malt,Caravienne,kg,0,0,Dingemans,Caramel,40,60,https://mr-malt.se/malt/Dingemans/caravienne/
malt,Caraamber®,kg,0,30.28,Weyermann,Caramel,60,80,https://mr-malt.se/malt/weyermann/karamellmalt/caraamber/
malt,Caramünch® typ 1,kg,0,28.40,Weyermann,Caramel,80,100,https://mr-malt.se/malt/weyermann/karamellmalt/caramunch/caramunch-typ-1/
malt,Crystal 100,kg,0,33.13,Crisp,Caramel,100,120,https://mr-malt.se/malt/crisp/karamellmalt/crystal-100/
malt,Ekologisk Cara 120,kg,0,0,Dingemans,Caramel,100,140,https://mr-malt.se/malt/Dingemans/cara-120/
malt,Caramünch® typ 2,kg,0,30.28,Weyermann,Caramel,110,130,https://mr-malt.se/malt/weyermann/karamellmalt/caramunch/caramunch-typ-2/
malt,Carawheat®,kg,0,0,Weyermann,Wheat,110,140,https://mr-malt.se/malt/weyermann/karamellmalt/Carawheat/
malt,Ekologisk Caramünch®,kg,0,0,Weyermann,Caramel,110,130,https://mr-malt.se/malt/weyermann/weyermann-ekologisk-malt/ekologisk-caramunch/
malt,Caramünch® typ 3,kg,0,30.28,Weyermann,Caramel,140,160,https://mr-malt.se/malt/weyermann/karamellmalt/caramunch/caramunch-typ-3/
malt,Cararye®,kg,0,0,Weyermann,Rye,150,200,https://mr-malt.se/malt/weyermann/karamellmalt/Cararye/
malt,Crystal 150,kg,0,32.18,Crisp,Caramel,160,180,https://mr-malt.se/malt/crisp/karamellmalt/crystal-150/
malt,Carabohemian®,kg,0,0,Weyermann,Caramel,170,220,https://mr-malt.se/malt/weyermann/karamellmalt/carabohemian/
malt,Crystal 240,kg,0,32.18,Crisp,Caramel,250,290,https://mr-malt.se/malt/crisp/karamellmalt/crystal-240/
malt,Special W®,kg,0,0,Weyermann,Caramel,250,300,https://mr-malt.se/malt/weyermann/karamellmalt/special-w/
malt,Special B,kg,0,0,Dingemans,Caramel,270,350,https://mr-malt.se/malt/Dingemans/special-B/
malt,Caraaroma®,kg,0,0,Weyermann,Caramel,350,450,https://mr-malt.se/malt/weyermann/karamellmalt/caraaroma/
malt,Crystal 400,kg,0,32.18,Crisp,Caramel,420,480,https://mr-malt.se/malt/crisp/karamellmalt/crystal-400/
malt,Aromatic malt,kg,0,33.13,Dingemans,Roasted,40,60,https://mr-malt.se/malt/Dingemans/Aromatic-malt/
malt,Biscuit malt,kg,0,33.13,Dingemans,Roasted,47,70,https://mr-malt.se/malt/Dingemans/Biscuit-malt/
malt,Melanoidinmalt,kg,0,28.40,Weyermann,Roasted,60,80,https://mr-malt.se/malt/weyermann/rostad-malt/melanoidinmalt/
malt,Amber Malt,kg,0,32.18,Crisp,Roasted,60,80,https://mr-malt.se/malt/crisp/rostad-malt/Amber-Malt/
malt,Brown Malt,kg,0,33.13,Crisp,Roasted,120,150,https://mr-malt.se/malt/crisp/rostad-malt/Brown-Malt/
malt,Low Colour Chocolate Malt,kg,0,32.18,Crisp,Roasted,450,650,https://mr-malt.se/malt/crisp/rostad-malt/low-colour-chocolate-malt/
malt,Chokladrågmalt,kg,0,36.91,Weyermann,Rye,500,800,https://mr-malt.se/malt/weyermann/rostad-malt/chokladragmalt/
malt,Carafa® typ 1 Special,kg,0,33.13,Weyermann,Roasted,800,1000,https://mr-malt.se/malt/weyermann/rostad-malt/carafa/Carafa-typ-1-Special/
malt,Chocolate Malt,kg,0,31.23,Crisp,Roasted,900,1100,https://mr-malt.se/malt/crisp/rostad-malt/Chocolate-Malt/
malt,Ekologisk Carafa®,kg,0,46.38,Weyermann,Roasted,1000,1200,https://mr-malt.se/malt/weyermann/weyermann-ekologisk-malt/ekologisk-carafa/
malt,Rostat Korn,kg,0,32.18,Weyermann,Roasted,1000,1300,https://mr-malt.se/malt/weyermann/rostad-malt/rostat-korn/
malt,Carafa® typ 2 Special,kg,0,33.13,Weyermann,Roasted,1100,1200,https://mr-malt.se/malt/weyermann/rostad-malt/carafa/Carafa-typ-2-Special/
malt,Black Malt,kg,0,34.07,Crisp,Roasted,1300,1400,https://mr-malt.se/malt/crisp/rostad-malt/Black-Malt/
malt,Carafa® typ 3 Special,kg,0,33.13,Weyermann,Roasted,1300,1500,https://mr-malt.se/malt/weyermann/rostad-malt/carafa/Carafa-typ-3-Special/
malt,Sinamar,kg,0,0,Weyermann,Roasted,8100,8600,https://mr-malt.se/malt/weyermann/rostad-malt/sinamar/
malt,Rågmalt,kg,0,0,Weyermann,Rye,4,10,https://mr-malt.se/malt/weyermann/basmalt/ragmalt/
malt,Torrefied Oats,kg,0,27.44,Crisp,Oats,2,3,https://mr-malt.se/malt/crisp/flaked-torrefied-oats/
malt,Naked Oat Malt,kg,0,36.91,Crisp,Oats,2,3,https://mr-malt.se/malt/crisp/Naked-oat-malt/
malt,Torrefied Wheat,kg,0,25.56,Crisp,Wheat,2.8,5,https://mr-malt.se/malt/crisp/basmalt/torrefied-wheat/
malt,Ekolgisk Vetemalt,kg,0,39.75,Weyermann,Wheat,3,5,https://mr-malt.se/malt/weyermann/weyermann-ekologisk-malt/ekologisk-vetemalt/
malt,Ekologisk svensk vetemalt,kg,0,0,Warbro,Wheat,3,5,https://mr-malt.se/malt/warbro/svensk-vetemalt/
malt,Spraymalt Extra Light,kg,0,55.84,Muntons,Extract,6,8,https://mr-malt.se/malt/maltextrakt/spraytorkat-maltextrakt/spraymalt-extra-light-muntons-25-kg
malt,Flaked Torrefied Barley,kg,0,0,Crisp,Unmalted,2,4,
malt,Syramalt,kg,0,0,Weyermann,Special,3,6,
malt,Spraymalt Wheat,kg,0,55.84,Muntons,Extract,6,10,
