category,name,unit,qty,cost_price,producer,item_type,link
misc,Aktivt Kol 20x40 1,kg,0,89,,,
misc,Alfa-amylas enzym 12 g,g,0,36.91,,Enzym,https://mr-malt.se/tillsatser/enzymer/alfa-amylas-enzym-12-g
misc,Antioxin SB 1 kg,kg,0,335.98,,Antioxidant,https://mr-malt.se/tillsatser/stabilisering/antioxin-sb-1-kg
misc,Antioxin SB 50 g,g,0,46.38,,Antioxidant,https://mr-malt.se/tillsatser/stabilisering/antioxin-sb-50-g
misc,Antioxin SBT 1 kg,kg,0,397.50,,Antioxidant,https://mr-malt.se/tillsatser/stabilisering/antioxin-sbt-1-kg
misc,Antioxin SBT 50 g,g,0,52.06,,Antioxidant,https://mr-malt.se/tillsatser/stabilisering/antioxin-sbt-50-g
misc,Aromazyme Lallemand 100 g,g,0,301.91,,Enzym,https://mr-malt.se/tillsatser/enzymer/aromazyme-lallemand-100-g
misc,Bentonit 100 g,g,0,39.00,,clarifying agent,https://mr-malt.se/tillsatser/klarningsmedel/bentonit-100-g-1
misc,Brewzyme D 10 ml,ml,0,93.69,,Enzym,https://mr-malt.se/tillsatser/enzymer/brewzyme-d-10-ml
misc,Chitosan 25 g,g,0,14.19,,clarifying agent,https://mr-malt.se/tillsatser/klarningsmedel/chitosan-25-g
misc,Clarity-Ferm 10 ml,ml,0,65.31,,Enzym,https://mr-malt.se/tillsatser/enzymer/clarity-ferm-10-ml
misc,DAP jästnäring,kg,0,188.34,,,
misc,Fermaid K jästnäring 50 g,g,0,55.84,,Yeast nutrient,https://mr-malt.se/jast/jastnaring/fermaid-k-jastnaring-50-g
misc,Fermaid O jästnäring 50 g,g,0,74.77,,Yeast nutrient,https://mr-malt.se/jast/jastnaring/fermaid-o-jastnaring-50-g
misc,Fermentis SafBrew DA-16,g,0,93.69,,,
misc,Fermentis SafBrew HA-18,g,0,93.69,,,
misc,Fermentis SafBrew LD-20,g,0,103.16,,,
misc,Fermoplus Fruity (AEB) 1 kg,kg,0,520.53,,Yeast nutrient,https://mr-malt.se/jast/jastnaring/fermoplus-fruity-aeb-1-kg
misc,Flytande gelatin 100 ml,ml,0,65.31,,clarifying agent,https://mr-malt.se/tillsatser/klarningsmedel/flytande-gelatin-100-ml
misc,Glukoamylas enzym 12 g,g,0,33.13,,Enzym,https://mr-malt.se/tillsatser/enzymer/glukoamylas-enzym-12-g
misc,Go-Ferm Protect Evolution jästnäring 50 g,g,0,55.84,,Yeast nutrient,https://mr-malt.se/jast/jastnaring/go-ferm-protect-evolution-jastnaring-50-g
misc,Isinglass,g,0,74.77,,,
misc,Jässtopp 10 g,g,0,14.19,,Jässtopp,https://mr-malt.se/tillsatser/stabilisering/jasstopp-10-g
misc,Jästnärsalt 10 g,g,0,14.19,,Yeast nutrient,https://mr-malt.se/jast/jastnaring/jastnarsalt-10-g
misc,Kalciumkarbonat (CaCO3) E170,g,0,24.99,,,
misc,Kalciumklorid 36% flytande 100 ml,ml,0,52.06,,Salt,
misc,Kalciumklorid 77 %,kg,0,99.00,,,
misc,Kalciumsulfat,g,0,33.13,,,
misc,Kaliumdisulfit (E224),kg,0,188.34,,,
misc,Kaliumsorbat (E202),kg,0,565.96,,,
misc,Kiselsol 25 g,g,0,14.19,,clarifying agent,https://mr-malt.se/tillsatser/klarningsmedel/kiselsol-25-g
misc,Klarningsmedel Mangrove Jack's 20 ml,ml,0,33.13,,clarifying agent,https://mr-malt.se/tillsatser/klarningsmedel/klarningsmedel-mangrove-jacks-20-ml
misc,Koji-kin 10 g,g,0,282.98,,Enzym,https://mr-malt.se/tillsatser/enzymer/koji-kin-10-g
misc,Magnesiumsulfat,g,0,33.13,,,
misc,Mjölksyra 80 %,ml,0,178.88,,,
misc,Pektolas,kg,0,282.98,,,
misc,Protafloc,kg,0,519.59,,,
misc,Reskue (Lallemand) 1 kg,kg,0,595.31,,Yeast nutrient,https://mr-malt.se/jast/jastnaring/reskue-lallemand-1-kg
misc,Spindasol SB1 1 kg,kg,0,104.10,,clarifying agent,https://mr-malt.se/tillsatser/klarningsmedel/spindasol-sb1-1-kg
misc,Ultra-Ferm 10 ml,ml,0,65.31,,Enzym,https://mr-malt.se/tillsatser/enzymer/ultra-ferm-10-ml
misc,Wyeast Nutrient Blend jästnäring,g,0,84.71,,,
misc,Yeast-Vit jästnäring 50 g,g,0,55.84,,Yeast nutrient,https://mr-malt.se/jast/jastnaring/yeast-vit-jastnaring-50-g
misc,Yeast-Vit jästnäring 500 g,g,0,282.98,,Yeast nutrient,https://mr-malt.se/jast/jastnaring/yeast-vit-jastnaring-500-g
misc,"Kandisocker, ljust",kg,0,74.77,,Sugar,
misc,Laktos,kg,0,84.23,,Sugar,
misc,Dextros,kg,0,36.91,,Sugar,
misc,Maltodextrin,kg,0,74.77,,Adjunct,
misc,Risskal,g,0,20.82,,Adjunct,
